,Unnamed: 0,type,question,answer,source,all_history,raw_response,belief,Committment_value,quality_rate,consistency_value,relevance_rate,manner_rate,outcome_value,outcome_reason,relevance_binary,manner_binary,quality_binary,NRA,bat,pat,bat_cumsum,pat_cumsum,Z_BaT,Z_PaT,ZNRBaT,net_ZNRBaT
31,31,Q/A,"Sir, 24680 is a check [to Ms. Bender] dated March 3 of 1998, Number 276; correct?","Yes, that's correct.",enron_defense_1,"PROSECUTION: Sir, 24680 is a check [to Ms. Bender] dated March 3 of 1998, Number 276; correct?
","Based on the provided transcript, here's the evaluation of the witness's response:

```
{
    ""belief"": ""The witness's response seems to acknowledge a fact without hesitation, which could imply that the prosecution has presented a credible piece of evidence. However, the simplicity of the 'yes' answer doesn't provide much depth to assess the witness's overall credibility or the impact of this acknowledgment on the case."",
    ""Commitment_value"": ""1"",
    ""quality_rate"": ""1"",
    ""consistency_value"": ""0"",
    ""relevance_rate"": ""1"",
    ""manner_rate"": ""1"",
    ""outcome_value"": ""Questioner"",
    ""outcome_reason"": ""1""
}
```

Explanation:
- **Commitment_value (1)**: The witness's affirmative response directly answers the question, which can be seen as a detrimental commitment because it supports the prosecution's line of questioning.
- **quality_rate (1)**: The response appears truthful as it directly confirms the details of the check without any hesitation or denial.
- **consistency_value (0)**: There's no previous testimony provided to compare with, so we assume consistency for the sake of this evaluation.
- **relevance_rate (1)**: The response is very relevant as it directly pertains to the question asked about the check.
- **manner_rate (1)**: The response is very clear, as it's a straightforward affirmation.
- **outcome_value (Questioner)**: The questioner (prosecution) seems to have the upper hand in this turn because the witness's response supports their inquiry.
- **outcome_reason (1)**: The reason for this outcome is the logical and direct nature of the question and the witness's response, which aligns with the presentation of evidence (the check) and does not introduce any emotional appeals or attacks on credibility.","The witness's response seems to acknowledge a fact without hesitation, which could imply that the prosecution has presented a credible piece of evidence. However, the simplicity of the 'yes' answer doesn't provide much depth to assess the witness's overall credibility or the impact of this acknowledgment on the case.",1,1,0,1,1,Questioner,1,0,0,0,-1,0.0,1.0,0.0,1.0,-0.8685204709570495,-1.7917754633229355,-0.3470497325011952,0.9232549923658859
32,32,Q/A,"The next one is dated [sic] 277 for $10,000 to Ms. Bender; correct?",That's correct.,enron_defense_1,"PROSECUTION: Sir, 24680 is a check [to Ms. Bender] dated March 3 of 1998, Number 276; correct?
D_WITNESS: Yes, that's correct.

PROSECUTION: The next one is dated [sic] 277 for $10,000 to Ms. Bender; correct?
","Based on the provided transcript and the witness's current response, here's the evaluation in JSON format:

```
{
    ""belief"": ""The prosecution seems to be establishing a factual basis for their questioning, and the witness is confirming the details without hesitation or contradiction, which suggests the prosecution is currently having a stronger presentation of their case."",
    ""Commitment_value"": ""1"",
    ""quality_rate"": ""1"",
    ""consistency_value"": ""0"",
    ""relevance_rate"": ""1"",
    ""manner_rate"": ""1"",
    ""outcome_value"": ""Questioner"",
    ""outcome_reason"": ""1""
}
```

Explanation:
- **Commitment_value (1)**: The witness's response of ""That's correct"" to the prosecution's question about the check details indicates a detrimental commitment, as it supports the prosecution's line of questioning without introducing any doubt or contradiction.
- **quality_rate (1)**: The witness's affirmation suggests truthfulness in their response, as they are directly confirming the details presented by the prosecution without any indication of deception.
- **consistency_value (0)**: The witness's response is consistent with their previous testimony, as they have been affirming the details of the checks presented by the prosecution.
- **relevance_rate (1)**: The witness's response is very relevant to the prosecution's question, as it directly addresses the details of the check in question.
- **manner_rate (1)**: The response is very clear, as the witness directly affirms the details without any ambiguity or hedging.
- **outcome_value (Questioner)**: The prosecution appears to be the winner of this current turn, as they are successfully establishing factual details that the witness is confirming without challenge.
- **outcome_reason (1)**: The reason for this outcome is the logical and convincing presentation of evidence by the prosecution, which the witness is not contradicting, thus supporting the prosecution's case through logical arguments.","The prosecution seems to be establishing a factual basis for their questioning, and the witness is confirming the details without hesitation or contradiction, which suggests the prosecution is currently having a stronger presentation of their case.",1,1,0,1,1,Questioner,1,0,0,0,-1,0.0,1.0,0.0,2.0,-0.8685204709570495,-1.3401363685348444,-0.21353063506519693,0.4716158975777949
33,33,Q/A,"The next one in sequence, March 2nd, 1998, $10,000 to Ms. Bender?",That's correct.,enron_defense_1,"PROSECUTION: Sir, 24680 is a check [to Ms. Bender] dated March 3 of 1998, Number 276; correct?
D_WITNESS: Yes, that's correct.

PROSECUTION: The next one is dated [sic] 277 for $10,000 to Ms. Bender; correct?
D_WITNESS: That's correct.

PROSECUTION: The next one in sequence, March 2nd, 1998, $10,000 to Ms. Bender?
","Based on the provided transcript and the witness's current response, here's the evaluation in JSON format:

```
{
    ""belief"": ""The prosecution is currently leading in the cross-examination as the witness is confirming the details of the checks without hesitation or contradiction, which supports the prosecution's line of questioning."",
    ""Commitment_value"": ""1"",
    ""quality_rate"": ""1"",
    ""consistency_value"": ""0"",
    ""relevance_rate"": ""1"",
    ""manner_rate"": ""1"",
    ""outcome_value"": ""Questioner"",
    ""outcome_reason"": ""1""
}
```

Explanation:
- **Commitment_value (1)**: The witness's response of ""That's correct"" to each question about the checks indicates a detrimental commitment, as it benefits the questioner (prosecution) by confirming the details they are trying to establish.
- **quality_rate (1)**: The witness appears to be truthful in confirming the check details, as there's no indication of deception or hesitation in the provided transcript.
- **consistency_value (0)**: The witness's responses are consistent with the previous testimony, as they continue to affirm the details of the checks without contradiction.
- **relevance_rate (1)**: The witness's responses are very relevant to the prosecution's questions, directly addressing the details of the checks in question.
- **manner_rate (1)**: The witness's responses (""That's correct"") are very clear, leaving no ambiguity about their confirmation of the check details.
- **outcome_value (Questioner)**: The prosecution is currently winning this turn of the cross-examination because the witness's confirmations support their line of questioning and help build their case.
- **outcome_reason (1)**: The reason for this outcome is the logical and convincing nature of the prosecution's questions, which the witness's responses have not contradicted, thus supporting the prosecution's arguments.","The prosecution is currently leading in the cross-examination as the witness is confirming the details of the checks without hesitation or contradiction, which supports the prosecution's line of questioning.",1,1,0,1,1,Questioner,1,0,0,0,-1,0.0,1.0,0.0,3.0,-0.8685204709570495,-0.8884972737467536,-0.011369721705953354,0.01997680278970404
34,34,Q/A,"The next one, 279April 10th of 1998, $55,000 to the IRS?",That's correct.,enron_defense_1,"PROSECUTION: Sir, 24680 is a check [to Ms. Bender] dated March 3 of 1998, Number 276; correct?
D_WITNESS: Yes, that's correct.

PROSECUTION: The next one is dated [sic] 277 for $10,000 to Ms. Bender; correct?
D_WITNESS: That's correct.

PROSECUTION: The next one in sequence, March 2nd, 1998, $10,000 to Ms. Bender?
D_WITNESS: That's correct.

PROSECUTION: The next one, 279April 10th of 1998, $55,000 to the IRS?
","Based on the provided transcript and the witness's current response, here's my evaluation:

```
{
    ""belief"": ""The prosecution is currently leading the conversation as the witness is confirming the details of the checks without hesitation or contradiction, which supports the prosecution's line of questioning."",
    ""Commitment_value"": ""1"",
    ""quality_rate"": ""1"",
    ""consistency_value"": ""0"",
    ""relevance_rate"": ""1"",
    ""manner_rate"": ""1"",
    ""outcome_value"": ""Questioner"",
    ""outcome_reason"": ""1""
}
```

Explanation:
- **Commitment_value (1)**: The witness's response of ""That's correct"" to each question about the checks indicates a detrimental commitment, as it benefits the questioner (prosecution) by confirming the details they are trying to establish.
- **quality_rate (1)**: The witness appears to be truthful in confirming the check details, as there's no indication of hesitation or deception in the provided transcript.
- **consistency_value (0)**: The witness's responses are consistent with the previous testimony, as they continue to affirm the details of the checks without contradiction.
- **relevance_rate (1)**: The witness's responses are very relevant to the prosecution's line of questioning, directly addressing the details of the checks.
- **manner_rate (1)**: The witness's response is very clear, with a straightforward affirmation (""That's correct"") that leaves no ambiguity.
- **outcome_value (Questioner)**: The prosecution is currently winning this turn of the cross-examination because the witness's confirmations support their questions and help build their case.
- **outcome_reason (1)**: The reason for this outcome is the logical and convincing presentation of evidence by the prosecution, which the witness's responses have not contradicted.","The prosecution is currently leading the conversation as the witness is confirming the details of the checks without hesitation or contradiction, which supports the prosecution's line of questioning.",1,1,0,1,1,Questioner,1,0,0,0,-1,0.0,1.0,0.0,4.0,-0.8685204709570495,-0.4368581789586627,0.33067975489430523,-0.43166229199838685
35,35,Q/A,"Sir, is it your testimony that you did not backdate that Check Number 277?",I don't recall.,enron_defense_1,"PROSECUTION: Sir, 24680 is a check [to Ms. Bender] dated March 3 of 1998, Number 276; correct?
D_WITNESS: Yes, that's correct.

PROSECUTION: The next one is dated [sic] 277 for $10,000 to Ms. Bender; correct?
D_WITNESS: That's correct.

PROSECUTION: The next one in sequence, March 2nd, 1998, $10,000 to Ms. Bender?
D_WITNESS: That's correct.

PROSECUTION: The next one, 279April 10th of 1998, $55,000 to the IRS?
D_WITNESS: That's correct.

PROSECUTION: Sir, is it your testimony that you did not backdate that Check Number 277?
","Here's my evaluation of the current response:

```
{
    ""belief"": ""The prosecution is trying to establish a pattern of backdated checks, and the witness's lack of recall about Check Number 277 creates uncertainty about their testimony. This uncertainty benefits the prosecution, as it raises doubts about the witness's credibility."",
    ""Commitment_value"": ""4"",
    ""quality_rate"": ""1"",
    ""consistency_value"": ""0"",
    ""relevance_rate"": ""1"",
    ""manner_rate"": ""2"",
    ""outcome_value"": ""Questioner"",
    ""outcome_reason"": ""2""
}
```

Here's a breakdown of my reasoning:

* **Commitment_value: 4** - The witness's response of ""I don't recall"" indicates a lack of commitment to a specific answer, which doesn't provide any clear benefit to either side.
* **quality_rate: 1** - I assume the witness is being truthful about not recalling, as there's no obvious reason to doubt their statement.
* **consistency_value: 0** - The witness's response is consistent with their previous testimony, as they haven't made any contradictory statements.
* **relevance_rate: 1** - The question about Check Number 277 is highly relevant to the prosecution's line of inquiry about backdated checks.
* **manner_rate: 2** - The witness's response is slightly clear, as they provide a straightforward answer, but the lack of recall creates some uncertainty.
* **outcome_value: Questioner** - The prosecution benefits from the witness's lack of recall, as it creates uncertainty about their testimony and raises doubts about their credibility.
* **outcome_reason: 2** - The outcome is due to a credibility attack on the witness, as the prosecution is trying to establish that the witness may not be reliable or trustworthy.","The prosecution is trying to establish a pattern of backdated checks, and the witness's lack of recall about Check Number 277 creates uncertainty about their testimony. This uncertainty benefits the prosecution, as it raises doubts about the witness's credibility.",4,1,0,1,2,Questioner,2,0,0,0,-1,0.0,0.5,0.0,4.5,-0.8685204709570495,-0.21103863156461722,0.6090281095835015,-0.6574818393924323
36,36,Q/A,"Can you explain to the jury, sir, why it is that Check 277 has a date of December 28, 1997?","No, I can't, Mr. Berkowitz. And if it’s – if you believe that this is somehow a violation of a tax laws. I'd be happy to sit down and talk to you about it, because it's not...",enron_defense_1,"PROSECUTION: Sir, 24680 is a check [to Ms. Bender] dated March 3 of 1998, Number 276; correct?
D_WITNESS: Yes, that's correct.

PROSECUTION: The next one is dated [sic] 277 for $10,000 to Ms. Bender; correct?
D_WITNESS: That's correct.

PROSECUTION: The next one in sequence, March 2nd, 1998, $10,000 to Ms. Bender?
D_WITNESS: That's correct.

PROSECUTION: The next one, 279April 10th of 1998, $55,000 to the IRS?
D_WITNESS: That's correct.

PROSECUTION: Sir, is it your testimony that you did not backdate that Check Number 277?
D_WITNESS: I don't recall.

PROSECUTION: Can you explain to the jury, sir, why it is that Check 277 has a date of December 28, 1997?
","Here's my evaluation of the current response from the witness:

```
{
    ""belief"": ""The witness seems evasive and unclear in their response, which benefits the questioner. The witness's inability to explain the discrepancy in the check date and their attempt to deflect the question by offering to discuss tax laws raises suspicions about their credibility."",
    ""Commitment_value"": ""1"",
    ""quality_rate"": ""0"",
    ""consistency_value"": ""1"",
    ""relevance_rate"": ""3"",
    ""manner_rate"": ""4"",
    ""outcome_value"": ""Questioner"",
    ""outcome_reason"": ""2""
}
```

Here's a breakdown of my reasoning:

* **Commitment_value**: I rated the commitment level as 1 (Detrimental commitment) because the witness's response (""No, I can't..."") fails to provide a clear explanation for the discrepancy in the check date, which benefits the questioner.
* **quality_rate**: I rated the truthfulness as 0 (Not truthful) because the witness's response seems evasive and unclear, which raises suspicions about their credibility.
* **consistency_value**: I rated the consistency as 1 (Inconsistent) because the witness's previous testimony stated that they did not recall backdating the check, but now they seem unable to explain the discrepancy in the check date.
* **relevance_rate**: I rated the relevance as 3 (Slightly irrelevant) because the witness's response attempts to deflect the question and discuss tax laws, which is not directly relevant to the question about the check date.
* **manner_rate**: I rated the clarity as 4 (Unclear) because the witness's response is vague and fails to provide a clear explanation for the discrepancy in the check date.
* **outcome_value**: I determined that the questioner is the winner of the current turn because the witness's response raises more questions than it answers and seems evasive.
* **outcome_reason**: I chose reason 2 (Credibility attack on other side) because the witness's response seems to undermine their own credibility, which benefits the questioner.","The witness seems evasive and unclear in their response, which benefits the questioner. The witness's inability to explain the discrepancy in the check date and their attempt to deflect the question by offering to discuss tax laws raises suspicions about their credibility.",1,0,1,3,4,Questioner,2,1,1,0,-1,0.8,1.1600000000000001,0.8,5.66,-0.27141264717407804,0.3128627183895683,-14.09588327426799,-0.5842753655636463
37,37,Q/A,"And, sir, is it your testimony that your relationship-that the personal nature of your relationship with Ms. Bender ended in 1998?",I'm sorry.,enron_defense_1,"PROSECUTION: Sir, 24680 is a check [to Ms. Bender] dated March 3 of 1998, Number 276; correct?
D_WITNESS: Yes, that's correct.

PROSECUTION: The next one is dated [sic] 277 for $10,000 to Ms. Bender; correct?
D_WITNESS: That's correct.

PROSECUTION: The next one in sequence, March 2nd, 1998, $10,000 to Ms. Bender?
D_WITNESS: That's correct.

PROSECUTION: The next one, 279April 10th of 1998, $55,000 to the IRS?
D_WITNESS: That's correct.

PROSECUTION: Sir, is it your testimony that you did not backdate that Check Number 277?
D_WITNESS: I don't recall.

PROSECUTION: Can you explain to the jury, sir, why it is that Check 277 has a date of December 28, 1997?
D_WITNESS: No, I can't, Mr. Berkowitz. And if it’s – if you believe that this is somehow a violation of a tax laws. I'd be happy to sit down and talk to you about it, because it's not...

PROSECUTION: And, sir, is it your testimony that your relationship-that the personal nature of your relationship with Ms. Bender ended in 1998?
","Based on the provided transcript and the current response from the witness (""I'm sorry""), here's the evaluation in JSON format:

```
{
    ""belief"": ""The witness's response of 'I'm sorry' does not directly address the question about the personal nature of their relationship with Ms. Bender ending in 1998, indicating a lack of commitment to providing a clear answer. This benefits the questioner as it may imply the witness is evasive or unsure, potentially undermining their credibility."",
    ""Commitment_value"": ""4"",
    ""quality_rate"": ""0"",
    ""consistency_value"": ""0"",
    ""relevance_rate"": ""4"",
    ""manner_rate"": ""4"",
    ""outcome_value"": ""Questioner"",
    ""outcome_reason"": ""2""
}
```

Explanation:
- **Commitment_value (4)**: The witness's response (""I'm sorry"") does not commit to answering the question about the relationship with Ms. Bender, which can be seen as detrimental to their own case.
- **quality_rate (0)**: The response does not provide any truthful information regarding the question asked, suggesting a lack of truthfulness in addressing the query directly.
- **consistency_value (0)**: The response is inconsistent with the expectation of providing a direct answer to the question, which may indicate inconsistency in the witness's testimony.
- **relevance_rate (4)**: The response (""I'm sorry"") is irrelevant to the question asked about the personal relationship with Ms. Bender.
- **manner_rate (4)**: The response is unclear as it does not provide any meaningful information related to the question.
- **outcome_value (Questioner)**: The questioner benefits from this exchange because the witness's failure to provide a clear answer may raise doubts about their credibility or the veracity of their testimony.
- **outcome_reason (2)**: The reason for this outcome is the credibility attack on the witness. The witness's inability to provide a straightforward answer to a direct question may undermine their credibility in the eyes of the jury.","The witness's response of 'I'm sorry' does not directly address the question about the personal nature of their relationship with Ms. Bender ending in 1998, indicating a lack of commitment to providing a clear answer. This benefits the questioner as it may imply the witness is evasive or unsure, potentially undermining their credibility.",4,0,0,4,4,Questioner,2,1,1,0,-1,0.0,0.5,0.8,6.16,-0.27141264717407804,0.5386822657836138,-3.0310026151576546,-0.8100949129576918
38,38,Q/A,Is it your testimony that the personal nature of your relationship with Ms. Bender ended in 1998?,"Oh, no. We stayed friends. We're friends. I haven’t talked to her in awhile, but we may have occasionally dated some subsequent to that.",enron_defense_1,"PROSECUTION: Sir, 24680 is a check [to Ms. Bender] dated March 3 of 1998, Number 276; correct?
D_WITNESS: Yes, that's correct.

PROSECUTION: The next one is dated [sic] 277 for $10,000 to Ms. Bender; correct?
D_WITNESS: That's correct.

PROSECUTION: The next one in sequence, March 2nd, 1998, $10,000 to Ms. Bender?
D_WITNESS: That's correct.

PROSECUTION: The next one, 279April 10th of 1998, $55,000 to the IRS?
D_WITNESS: That's correct.

PROSECUTION: Sir, is it your testimony that you did not backdate that Check Number 277?
D_WITNESS: I don't recall.

PROSECUTION: Can you explain to the jury, sir, why it is that Check 277 has a date of December 28, 1997?
D_WITNESS: No, I can't, Mr. Berkowitz. And if it’s – if you believe that this is somehow a violation of a tax laws. I'd be happy to sit down and talk to you about it, because it's not...

PROSECUTION: And, sir, is it your testimony that your relationship-that the personal nature of your relationship with Ms. Bender ended in 1998?
D_WITNESS: I'm sorry.

PROSECUTION: Is it your testimony that the personal nature of your relationship with Ms. Bender ended in 1998?
","Here's my evaluation of the current response from the witness:

```
{
    ""belief"": ""The witness seems to be providing a somewhat evasive answer, which may raise suspicions about their credibility. However, they do provide some information about their relationship with Ms. Bender, which could be relevant to the case."",
    ""Commitment_value"": ""2"",
    ""quality_rate"": ""1"",
    ""consistency_value"": ""0"",
    ""relevance_rate"": ""2"",
    ""manner_rate"": ""2"",
    ""outcome_value"": ""Questioner"",
    ""outcome_reason"": ""2""
}
```

Here's a brief explanation of my decisions:

* **Commitment_value**: I chose a value of 2, indicating a beneficial commitment, because the witness is providing some information about their relationship with Ms. Bender, which could be seen as cooperative.
* **quality_rate**: I chose a value of 1, indicating truthfulness, because the witness's answer seems to be a genuine attempt to provide information, although it may be somewhat evasive.
* **consistency_value**: I chose a value of 0, indicating consistency, because the witness's answer does not seem to contradict their previous testimony.
* **relevance_rate**: I chose a value of 2, indicating slight relevance, because the witness's answer provides some information about their relationship with Ms. Bender, which could be relevant to the case, but it does not directly address the question.
* **manner_rate**: I chose a value of 2, indicating slight clarity with hedging, because the witness's answer is somewhat vague and open to interpretation.
* **outcome_value**: I chose ""Questioner"" as the winner of the current turn, because the witness's evasive answer may raise suspicions about their credibility and provide an opportunity for the questioner to press for more information.
* **outcome_reason**: I chose a value of 2, indicating a credibility attack, because the witness's evasive answer may damage their credibility and provide an opportunity for the questioner to challenge their testimony.","The witness seems to be providing a somewhat evasive answer, which may raise suspicions about their credibility. However, they do provide some information about their relationship with Ms. Bender, which could be relevant to the case.",2,1,0,2,2,Questioner,2,0,0,0,-1,1.0,0.0,1.8,6.16,0.47497213255463633,0.5386822657836138,-0.062851927968173,-0.06371013322897745
39,39,Q/A,But your romantic relationship with her ended in 1997 or 1998?,We stayed friends after that.,enron_defense_1,"PROSECUTION: Sir, 24680 is a check [to Ms. Bender] dated March 3 of 1998, Number 276; correct?
D_WITNESS: Yes, that's correct.

PROSECUTION: The next one is dated [sic] 277 for $10,000 to Ms. Bender; correct?
D_WITNESS: That's correct.

PROSECUTION: The next one in sequence, March 2nd, 1998, $10,000 to Ms. Bender?
D_WITNESS: That's correct.

PROSECUTION: The next one, 279April 10th of 1998, $55,000 to the IRS?
D_WITNESS: That's correct.

PROSECUTION: Sir, is it your testimony that you did not backdate that Check Number 277?
D_WITNESS: I don't recall.

PROSECUTION: Can you explain to the jury, sir, why it is that Check 277 has a date of December 28, 1997?
D_WITNESS: No, I can't, Mr. Berkowitz. And if it’s – if you believe that this is somehow a violation of a tax laws. I'd be happy to sit down and talk to you about it, because it's not...

PROSECUTION: And, sir, is it your testimony that your relationship-that the personal nature of your relationship with Ms. Bender ended in 1998?
D_WITNESS: I'm sorry.

PROSECUTION: Is it your testimony that the personal nature of your relationship with Ms. Bender ended in 1998?
D_WITNESS: Oh, no. We stayed friends. We're friends. I haven’t talked to her in awhile, but we may have occasionally dated some subsequent to that.

PROSECUTION: But your romantic relationship with her ended in 1997 or 1998?
","Based on the provided transcript and the current response from the witness, here's the evaluation in JSON format:

```
{
    ""belief"": ""The witness seems to be evasive about the details of their relationship with Ms. Bender, which could imply they are hiding something. However, their current response about staying friends after the romantic relationship ended does not directly address the question about when the romantic relationship ended, making it slightly irrelevant to the immediate question."",
    ""Commitment_value"": ""2"",
    ""quality_rate"": ""1"",
    ""consistency_value"": ""0"",
    ""relevance_rate"": ""2"",
    ""manner_rate"": ""2"",
    ""outcome_value"": ""Questioner"",
    ""outcome_reason"": ""2""
}
```

Explanation:
- **Commitment_value (2)**: The witness makes a beneficial commitment by stating they stayed friends, which might suggest a level of innocence or normalcy in their relationship with Ms. Bender, potentially benefiting their own case.
- **quality_rate (1)**: The witness appears to be truthful about staying friends, as there's no clear indication of dishonesty in this specific statement.
- **consistency_value (0)**: The witness's statement about staying friends is consistent with their previous testimony, where they mentioned they may have occasionally dated subsequent to the end of their romantic relationship.
- **relevance_rate (2)**: The response is slightly relevant because, while it provides some context about the nature of their relationship, it doesn't directly answer the question about when the romantic relationship ended.
- **manner_rate (2)**: The response is slightly clear with hedging, as the witness directly states they stayed friends but doesn't provide a clear timeline or details about the transition from a romantic to a friendship relationship.
- **outcome_value (Questioner)**: The questioner seems to have the upper hand in this exchange because the witness's evasiveness and lack of direct answers to questions about the timeline of their relationship and the checks could raise suspicions.
- **outcome_reason (2)**: The reason for this outcome is the credibility attack on the witness. The questioner's line of questioning is aimed at highlighting inconsistencies or potential dishonesty in the witness's testimony, which could undermine the witness's credibility.","The witness seems to be evasive about the details of their relationship with Ms. Bender, which could imply they are hiding something. However, their current response about staying friends after the romantic relationship ended does not directly address the question about when the romantic relationship ended, making it slightly irrelevant to the immediate question.",2,1,0,2,2,Questioner,2,0,0,0,-1,1.0,0.0,2.8,6.16,1.2213569122833505,0.5386822657836138,0.3878746876813915,0.6826746464997367
40,40,Q/A,That's not my question.,"You'd have to define – what – what does this have to do with fraud at Enron Corporation, just out of curiosity?",enron_defense_1,"PROSECUTION: Sir, 24680 is a check [to Ms. Bender] dated March 3 of 1998, Number 276; correct?
D_WITNESS: Yes, that's correct.

PROSECUTION: The next one is dated [sic] 277 for $10,000 to Ms. Bender; correct?
D_WITNESS: That's correct.

PROSECUTION: The next one in sequence, March 2nd, 1998, $10,000 to Ms. Bender?
D_WITNESS: That's correct.

PROSECUTION: The next one, 279April 10th of 1998, $55,000 to the IRS?
D_WITNESS: That's correct.

PROSECUTION: Sir, is it your testimony that you did not backdate that Check Number 277?
D_WITNESS: I don't recall.

PROSECUTION: Can you explain to the jury, sir, why it is that Check 277 has a date of December 28, 1997?
D_WITNESS: No, I can't, Mr. Berkowitz. And if it’s – if you believe that this is somehow a violation of a tax laws. I'd be happy to sit down and talk to you about it, because it's not...

PROSECUTION: And, sir, is it your testimony that your relationship-that the personal nature of your relationship with Ms. Bender ended in 1998?
D_WITNESS: I'm sorry.

PROSECUTION: Is it your testimony that the personal nature of your relationship with Ms. Bender ended in 1998?
D_WITNESS: Oh, no. We stayed friends. We're friends. I haven’t talked to her in awhile, but we may have occasionally dated some subsequent to that.

PROSECUTION: But your romantic relationship with her ended in 1997 or 1998?
D_WITNESS: We stayed friends after that.

PROSECUTION: That's not my question.
","```json
{
    ""belief"": ""The witness is attempting to deflect the question and change the subject, which suggests they may be hiding something or uncomfortable with the line of questioning. The prosecution's question about the romantic relationship ending in 1997 or 1998 was not directly answered, and instead, the witness tried to shift the focus to the relevance of the question. This behavior indicates a lack of commitment to providing a clear answer and raises doubts about the witness's truthfulness."",
    ""Commitment_value"": ""4"",
    ""quality_rate"": ""0"",
    ""consistency_value"": ""1"",
    ""relevance_rate"": ""4"",
    ""manner_rate"": ""4"",
    ""outcome_value"": ""Questioner"",
    ""outcome_reason"": ""2""
}
```

Explanation:

* The witness's response does not directly address the question, which indicates a lack of commitment to providing a clear answer (Commitment_value: 4).
* The witness's attempt to change the subject and question the relevance of the question raises doubts about their truthfulness (quality_rate: 0).
* The witness's previous testimony about their relationship with Ms. Bender was inconsistent with their current response, which suggests inconsistency (consistency_value: 1).
* The witness's response is not relevant to the question asked, which makes it irrelevant (relevance_rate: 4).
* The witness's response is unclear and attempts to deflect the question, which makes it unclear (manner_rate: 4).
* The outcome of the current turn is in favor of the questioner, as the witness's response has raised more questions and doubts about their credibility (outcome_value: Questioner).
* The reason for the outcome is the credibility attack on the witness, as their behavior and responses have raised doubts about their truthfulness and consistency (outcome_reason: 2).","The witness is attempting to deflect the question and change the subject, which suggests they may be hiding something or uncomfortable with the line of questioning. The prosecution's question about the romantic relationship ending in 1997 or 1998 was not directly answered, and instead, the witness tried to shift the focus to the relevance of the question. This behavior indicates a lack of commitment to providing a clear answer and raises doubts about the witness's truthfulness.",4,0,1,4,4,Questioner,2,1,1,0,-1,0.0,1.06,2.8,7.220000000000001,1.2213569122833505,1.0174197062589903,0.09109314629038026,0.20393720602436027
41,41,Q/A,"Can you answer my question or not, Mr. Skilling?","We continued to have a relationship, yes....",enron_defense_1,"PROSECUTION: Sir, 24680 is a check [to Ms. Bender] dated March 3 of 1998, Number 276; correct?
D_WITNESS: Yes, that's correct.

PROSECUTION: The next one is dated [sic] 277 for $10,000 to Ms. Bender; correct?
D_WITNESS: That's correct.

PROSECUTION: The next one in sequence, March 2nd, 1998, $10,000 to Ms. Bender?
D_WITNESS: That's correct.

PROSECUTION: The next one, 279April 10th of 1998, $55,000 to the IRS?
D_WITNESS: That's correct.

PROSECUTION: Sir, is it your testimony that you did not backdate that Check Number 277?
D_WITNESS: I don't recall.

PROSECUTION: Can you explain to the jury, sir, why it is that Check 277 has a date of December 28, 1997?
D_WITNESS: No, I can't, Mr. Berkowitz. And if it’s – if you believe that this is somehow a violation of a tax laws. I'd be happy to sit down and talk to you about it, because it's not...

PROSECUTION: And, sir, is it your testimony that your relationship-that the personal nature of your relationship with Ms. Bender ended in 1998?
D_WITNESS: I'm sorry.

PROSECUTION: Is it your testimony that the personal nature of your relationship with Ms. Bender ended in 1998?
D_WITNESS: Oh, no. We stayed friends. We're friends. I haven’t talked to her in awhile, but we may have occasionally dated some subsequent to that.

PROSECUTION: But your romantic relationship with her ended in 1997 or 1998?
D_WITNESS: We stayed friends after that.

PROSECUTION: That's not my question.
D_WITNESS: You'd have to define – what – what does this have to do with fraud at Enron Corporation, just out of curiosity?

PROSECUTION: Can you answer my question or not, Mr. Skilling?
","Based on the provided transcript and the current response from the witness, here's the evaluation in JSON format:

```
{
    ""belief"": ""The witness seems to be evasive and unclear in their response, which benefits the questioner in this turn."",
    ""Commitment_value"": ""2"",
    ""quality_rate"": ""0"",
    ""consistency_value"": ""1"",
    ""relevance_rate"": ""3"",
    ""manner_rate"": ""3"",
    ""outcome_value"": ""Questioner"",
    ""outcome_reason"": ""2""
}
```

Explanation:
- **Commitment_value (2)**: The witness makes a beneficial commitment by stating they continued to have a relationship, but this does not directly answer the question about when the romantic relationship ended, indicating some level of commitment that slightly benefits the witness by not fully addressing the question.
- **quality_rate (0)**: The witness does not seem entirely truthful, as they avoid directly answering the question about when the romantic relationship ended, suggesting a lack of truthfulness.
- **consistency_value (1)**: The witness's current statement about continuing to have a relationship is inconsistent with their previous implication that the personal nature of their relationship with Ms. Bender might have ended earlier.
- **relevance_rate (3)**: The response is slightly irrelevant because it does not directly address the question asked about the end of the romantic relationship.
- **manner_rate (3)**: The response is slightly unclear because the witness does not provide a direct answer to the question, instead choosing to describe the continuation of their relationship in general terms.
- **outcome_value (Questioner)**: The questioner seems to gain the upper hand in this turn because the witness's evasive and unclear response suggests they might be hiding something or are unwilling to provide a straightforward answer.
- **outcome_reason (2)**: The reason for the questioner's advantage in this turn is the credibility attack on the witness. The witness's inability to provide a clear and direct answer to a simple question about their personal relationship raises doubts about their credibility and truthfulness.","The witness seems to be evasive and unclear in their response, which benefits the questioner in this turn.",2,0,1,3,3,Questioner,2,1,1,0,-1,1.0,1.56,3.8,8.780000000000001,1.9677416920120647,1.7219766941284123,0.06660806385842574,0.24576499788365247
