,Unnamed: 0.1,Unnamed: 0,type,question,answer,source,all_history,raw_response,belief,Committment_value,quality_rate,consistency_value,relevance_rate,manner_rate,outcome_value,outcome_reason,relevance_binary,manner_binary,quality_binary,NRA,bat,pat,bat_cumsum,pat_cumsum,Z_BaT,Z_PaT,ZNRBaT,net_ZNRBaT
0,0,0,Q/A,Who told you there was a document?,Mr. Fastow.,enron_prosecution_3,"DEFENSE: Who told you there was a document?
","```json
{
    ""belief"": ""The witness's response is straightforward and provides a specific source of information. This can be interpreted as a clear, truthful answer, which bolsters the credibility of the witness in this context."",
    ""Commitment_value"": 2,
    ""quality_rate"": 1, 
    ""consistency_value"": 1,
    ""relevance_rate"": 1,
    ""manner_rate"": 1, 
    ""outcome_value"": ""Witness"",
    ""outcome_reason"": 1
}
```","The witness's response is straightforward and provides a specific source of information. This can be interpreted as a clear, truthful answer, which bolsters the credibility of the witness in this context.",2,1,1,1,1,Witness,1.0,0,0,0,1.0,1.0,0.2,1.0,0.2,-1.7331564896524838,-1.2572371141874243,0.15914940924630805,-0.47591937546505947
1,1,1,Q/A,And did he-did he tell you anything about how the document came into existence?,He told me that he had sat down with Mr. Causey and they had laid out in this global agreement what all of the side deals were and that was-that was what it was.,enron_prosecution_3,"DEFENSE: Who told you there was a document?
P_WITNESS: Mr. Fastow.

DEFENSE: And did he-did he tell you anything about how the document came into existence?
","```json
{
    ""belief"": ""The witness's response is credible and aligns well with the question regarding how the document came into existence, indicating depth of knowledge regarding the transaction and parties involved. Thus, the witness's testimony is convincing."",
    ""Commitment_value"": 2,
    ""quality_rate"": 1,
    ""consistency_value"": 0,
    ""relevance_rate"": 1,
    ""manner_rate"": 1,
    ""outcome_value"": ""Witness"",
    ""outcome_reason"": 1
}
```","The witness's response is credible and aligns well with the question regarding how the document came into existence, indicating depth of knowledge regarding the transaction and parties involved. Thus, the witness's testimony is convincing.",2,1,0,1,1,Witness,1.0,0,0,0,1.0,1.0,0.0,2.0,0.2,-1.114172029062311,-1.2572371141874243,-0.0603291446068474,0.1430650851251134
2,2,2,Q/A,Is that just a one-on-one conversation that you and he had?,"I have had that conversation with him, yes. ·",enron_prosecution_3,"DEFENSE: Who told you there was a document?
P_WITNESS: Mr. Fastow.

DEFENSE: And did he-did he tell you anything about how the document came into existence?
P_WITNESS: He told me that he had sat down with Mr. Causey and they had laid out in this global agreement what all of the side deals were and that was-that was what it was.

DEFENSE: Is that just a one-on-one conversation that you and he had?
","```json
{
    ""belief"": ""The witness demonstrates a certain commitment to the information shared in previous exchanges about their conversations, indicating that they have had a one-on-one dialogue with Mr. Fastow. However, this response doesn't introduce new findings or strong evidence that boosts their position more than the defense's line of questioning. Therefore, the outcome leans towards the defense, as they are still probing and creating doubt about the witness's claims."",
    ""Commitment_value"": 2,
    ""quality_rate"": 1,
    ""consistency_value"": 0,
    ""relevance_rate"": 1,
    ""manner_rate"": 1,
    ""outcome_value"": ""Questioner"",
    ""outcome_reason"": 1
}
```","The witness demonstrates a certain commitment to the information shared in previous exchanges about their conversations, indicating that they have had a one-on-one dialogue with Mr. Fastow. However, this response doesn't introduce new findings or strong evidence that boosts their position more than the defense's line of questioning. Therefore, the outcome leans towards the defense, as they are still probing and creating doubt about the witness's claims.",2,1,0,1,1,Questioner,1.0,0,0,0,0.3333333333333333,1.0,0.0,3.0,0.2,-0.49518756847213813,-1.2572371141874243,-0.4348543781971639,0.7620495457152863
3,3,3,Q/A,"One-on-one, right?",Yes.,enron_prosecution_3,"DEFENSE: Who told you there was a document?
P_WITNESS: Mr. Fastow.

DEFENSE: And did he-did he tell you anything about how the document came into existence?
P_WITNESS: He told me that he had sat down with Mr. Causey and they had laid out in this global agreement what all of the side deals were and that was-that was what it was.

DEFENSE: Is that just a one-on-one conversation that you and he had?
P_WITNESS: I have had that conversation with him, yes. ·

DEFENSE: One-on-one, right?
","```json
{
    ""belief"": ""The witness is consistent and clear in their response, which supports their credibility. The defense's strategy appears to be focused on breaking down the witness's testimony, but the current response reinforces the reliability of the witness."",
    ""Commitment_value"": 4,
    ""quality_rate"": 1, 
    ""consistency_value"": 0,
    ""relevance_rate"": 1,
    ""manner_rate"": 1, 
    ""outcome_value"": ""Witness"",
    ""outcome_reason"": 1
}
```","The witness is consistent and clear in their response, which supports their credibility. The defense's strategy appears to be focused on breaking down the witness's testimony, but the current response reinforces the reliability of the witness.",4,1,0,1,1,Witness,1.0,0,0,0,0.5,0.0,0.5,3.0,0.7,-0.49518756847213813,-0.35921060405355,0.1591494092463077,-0.13597696441858814
4,4,4,Q/A,"And did he tell you that-well, first of all, did he describe the document to you?","Other than it being written down. That was all I understood, the form of the document.",enron_prosecution_3,"DEFENSE: Who told you there was a document?
P_WITNESS: Mr. Fastow.

DEFENSE: And did he-did he tell you anything about how the document came into existence?
P_WITNESS: He told me that he had sat down with Mr. Causey and they had laid out in this global agreement what all of the side deals were and that was-that was what it was.

DEFENSE: Is that just a one-on-one conversation that you and he had?
P_WITNESS: I have had that conversation with him, yes. ·

DEFENSE: One-on-one, right?
P_WITNESS: Yes.

DEFENSE: And did he tell you that-well, first of all, did he describe the document to you?
","```json
{
    ""belief"": ""The witness provides a somewhat vague response about their understanding of the document, mainly indicating it was 'written down' without further detail. This lack of specificity weakens the witness's position and does not significantly help the defense's case. Thus, the defense's questioning remains stronger at this turn."",
    ""Commitment_value"": 3,
    ""quality_rate"": 1,
    ""consistency_value"": 0,
    ""relevance_rate"": 2,
    ""manner_rate"": 2,
    ""outcome_value"": ""Questioner"",
    ""outcome_reason"": 1
}
```","The witness provides a somewhat vague response about their understanding of the document, mainly indicating it was 'written down' without further detail. This lack of specificity weakens the witness's position and does not significantly help the defense's case. Thus, the defense's questioning remains stronger at this turn.",3,1,0,2,2,Questioner,1.0,0,0,0,0.2,0.5,0.0,3.5,0.7,-0.18569533817705175,-0.35921060405355,-0.31843159053506404,0.17351526587649824
5,5,5,Q/A,"You don't know how many people have copies, do you?",My understanding was that only Mr. Fastow and Mr. Causey had copies.,enron_prosecution_3,"DEFENSE: Who told you there was a document?
P_WITNESS: Mr. Fastow.

DEFENSE: And did he-did he tell you anything about how the document came into existence?
P_WITNESS: He told me that he had sat down with Mr. Causey and they had laid out in this global agreement what all of the side deals were and that was-that was what it was.

DEFENSE: Is that just a one-on-one conversation that you and he had?
P_WITNESS: I have had that conversation with him, yes. ·

DEFENSE: One-on-one, right?
P_WITNESS: Yes.

DEFENSE: And did he tell you that-well, first of all, did he describe the document to you?
P_WITNESS: Other than it being written down. That was all I understood, the form of the document.

DEFENSE: You don't know how many people have copies, do you?
","```json
{
    ""belief"": ""The witness's assertion that only Mr. Fastow and Mr. Causey had copies of the document seems to align with the previous testimony, suggesting credibility. However, the witness's knowledge on this matter is limited, which could be seen as an avoidance of deeper inquiry. The defense's questioning aims to expose gaps in knowledge regarding the document's distribution. Overall, the witness's statement remains consistent and relevant to the defense's line of questioning."",
    ""Commitment_value"": 4,
    ""quality_rate"": 1,
    ""consistency_value"": 0,
    ""relevance_rate"": 1,
    ""manner_rate"": 2,
    ""outcome_value"": ""Witness"",
    ""outcome_reason"": 1
}
```","The witness's assertion that only Mr. Fastow and Mr. Causey had copies of the document seems to align with the previous testimony, suggesting credibility. However, the witness's knowledge on this matter is limited, which could be seen as an avoidance of deeper inquiry. The defense's questioning aims to expose gaps in knowledge regarding the document's distribution. Overall, the witness's statement remains consistent and relevant to the defense's line of questioning.",4,1,0,1,2,Witness,1.0,0,0,0,0.3333333333333333,0.0,0.5,3.5,1.2,-0.18569533817705175,0.5388159060803247,-2.051739009594692,-0.7245112442573765
6,6,6,Q/A,And who told you that?,Mr. Fastow.,enron_prosecution_3,"DEFENSE: Who told you there was a document?
P_WITNESS: Mr. Fastow.

DEFENSE: And did he-did he tell you anything about how the document came into existence?
P_WITNESS: He told me that he had sat down with Mr. Causey and they had laid out in this global agreement what all of the side deals were and that was-that was what it was.

DEFENSE: Is that just a one-on-one conversation that you and he had?
P_WITNESS: I have had that conversation with him, yes. ·

DEFENSE: One-on-one, right?
P_WITNESS: Yes.

DEFENSE: And did he tell you that-well, first of all, did he describe the document to you?
P_WITNESS: Other than it being written down. That was all I understood, the form of the document.

DEFENSE: You don't know how many people have copies, do you?
P_WITNESS: My understanding was that only Mr. Fastow and Mr. Causey had copies.

DEFENSE: And who told you that?
","```json
{
    ""belief"": ""The witness maintains a consistent statement regarding who told them about the document. However, the lack of detail in his responses does not strongly support the defense's case. The witness's commitment level indicates that they are supportive of the claim that Mr. Fastow informed them, which may seem unfavorable for the defense's questioning."",
    ""Commitment_value"": 2,
    ""quality_rate"": 1,
    ""consistency_value"": 0,
    ""relevance_rate"": 1,
    ""manner_rate"": 2,
    ""outcome_value"": ""Witness"",
    ""outcome_reason"": 1
}
```","The witness maintains a consistent statement regarding who told them about the document. However, the lack of detail in his responses does not strongly support the defense's case. The witness's commitment level indicates that they are supportive of the claim that Mr. Fastow informed them, which may seem unfavorable for the defense's questioning.",2,1,0,1,2,Witness,1.0,0,0,0,0.42857142857142855,1.0,0.0,4.5,1.2,0.43328912241312106,0.5388159060803247,-0.10855492006943684,-0.10552678366720364
7,7,7,Q/A,What did he say in that regard?,That he and Mr. Causey had copies.,enron_prosecution_3,"DEFENSE: Who told you there was a document?
P_WITNESS: Mr. Fastow.

DEFENSE: And did he-did he tell you anything about how the document came into existence?
P_WITNESS: He told me that he had sat down with Mr. Causey and they had laid out in this global agreement what all of the side deals were and that was-that was what it was.

DEFENSE: Is that just a one-on-one conversation that you and he had?
P_WITNESS: I have had that conversation with him, yes. ·

DEFENSE: One-on-one, right?
P_WITNESS: Yes.

DEFENSE: And did he tell you that-well, first of all, did he describe the document to you?
P_WITNESS: Other than it being written down. That was all I understood, the form of the document.

DEFENSE: You don't know how many people have copies, do you?
P_WITNESS: My understanding was that only Mr. Fastow and Mr. Causey had copies.

DEFENSE: And who told you that?
P_WITNESS: Mr. Fastow.

DEFENSE: What did he say in that regard?
","```json
{
    ""belief"": ""The witness's response is credible and consistent with previous statements, providing clear information about who has copies of the document. This strengthens the witness's position and weakens the defense’s line of questioning."",
    ""Commitment_value"": 2,
    ""quality_rate"": 1,
    ""consistency_value"": 0,
    ""relevance_rate"": 1,
    ""manner_rate"": 1,
    ""outcome_value"": ""Witness"",
    ""outcome_reason"": 1
}
```","The witness's response is credible and consistent with previous statements, providing clear information about who has copies of the document. This strengthens the witness's position and weakens the defense’s line of questioning.",2,1,0,1,1,Witness,1.0,0,0,0,0.5,1.0,0.0,5.5,1.2,1.0522735830032939,0.5388159060803247,0.32270823259519676,0.5134576769229692
8,8,8,Q/A,What else did he say?,That's all I recall him saying about it.,enron_prosecution_3,"DEFENSE: Who told you there was a document?
P_WITNESS: Mr. Fastow.

DEFENSE: And did he-did he tell you anything about how the document came into existence?
P_WITNESS: He told me that he had sat down with Mr. Causey and they had laid out in this global agreement what all of the side deals were and that was-that was what it was.

DEFENSE: Is that just a one-on-one conversation that you and he had?
P_WITNESS: I have had that conversation with him, yes. ·

DEFENSE: One-on-one, right?
P_WITNESS: Yes.

DEFENSE: And did he tell you that-well, first of all, did he describe the document to you?
P_WITNESS: Other than it being written down. That was all I understood, the form of the document.

DEFENSE: You don't know how many people have copies, do you?
P_WITNESS: My understanding was that only Mr. Fastow and Mr. Causey had copies.

DEFENSE: And who told you that?
P_WITNESS: Mr. Fastow.

DEFENSE: What did he say in that regard?
P_WITNESS: That he and Mr. Causey had copies.

DEFENSE: What else did he say?
","```json
{
    ""belief"": ""The witness's response indicates limited detail regarding the conversation with Mr. Fastow, which may weaken their testimony and bolster the defense's position. While the witness remains generally credible, their vagueness allows for the defense to potentially challenge the reliability of their account."",
    ""Commitment_value"": 4,
    ""quality_rate"": 1,
    ""consistency_value"": 0,
    ""relevance_rate"": 2,
    ""manner_rate"": 2,
    ""outcome_value"": ""Questioner"",
    ""outcome_reason"": 1
}
```","The witness's response indicates limited detail regarding the conversation with Mr. Fastow, which may weaken their testimony and bolster the defense's position. While the witness remains generally credible, their vagueness allows for the defense to potentially challenge the reliability of their account.",4,1,0,2,2,Questioner,1.0,0,0,0,0.3333333333333333,0.0,0.5,5.5,1.7,1.0522735830032939,1.4368424162141993,-0.15450016525216295,-0.3845688332109054
9,9,9,Q/A,He told you Rick Causey had a copy?,Yes.,enron_prosecution_3,"DEFENSE: Who told you there was a document?
P_WITNESS: Mr. Fastow.

DEFENSE: And did he-did he tell you anything about how the document came into existence?
P_WITNESS: He told me that he had sat down with Mr. Causey and they had laid out in this global agreement what all of the side deals were and that was-that was what it was.

DEFENSE: Is that just a one-on-one conversation that you and he had?
P_WITNESS: I have had that conversation with him, yes. ·

DEFENSE: One-on-one, right?
P_WITNESS: Yes.

DEFENSE: And did he tell you that-well, first of all, did he describe the document to you?
P_WITNESS: Other than it being written down. That was all I understood, the form of the document.

DEFENSE: You don't know how many people have copies, do you?
P_WITNESS: My understanding was that only Mr. Fastow and Mr. Causey had copies.

DEFENSE: And who told you that?
P_WITNESS: Mr. Fastow.

DEFENSE: What did he say in that regard?
P_WITNESS: That he and Mr. Causey had copies.

DEFENSE: What else did he say?
P_WITNESS: That's all I recall him saying about it.

DEFENSE: He told you Rick Causey had a copy?
","```json
{
    ""belief"": ""The witness's response is consistent with previous statements, affirming that Mr. Causey had a copy of the document according to Mr. Fastow. This support for the defense's questioning ultimately makes the witness's position appear more robust."",
    ""Commitment_value"": 2,
    ""quality_rate"": 1,
    ""consistency_value"": 0,
    ""relevance_rate"": 1,
    ""manner_rate"": 1,
    ""outcome_value"": ""Witness"",
    ""outcome_reason"": 1
}
```","The witness's response is consistent with previous statements, affirming that Mr. Causey had a copy of the document according to Mr. Fastow. This support for the defense's questioning ultimately makes the witness's position appear more robust.",2,1,0,1,1,Witness,1.0,0,0,0,0.4,1.0,0.0,6.5,1.7,1.6712580435934667,1.4368424162141993,0.07542086570579301,0.23441562737926747
